weekend_date,channel,brand,category,sub_category,SerialNum,quantity,year,month,sales_segment,lag_1,lag_2,z_score
2022-06-04,Channel1,B1,Cat2,Sub-Cat2,1,56,2022,6,Low,,,-0.5619563008042071
2022-06-11,Channel1,B1,Cat2,Sub-Cat2,1,122,2022,6,Low,56.0,,0.8571473537558331
2022-06-18,Channel1,B1,Cat2,Sub-Cat2,1,102,2022,6,Low,122.0,56.0,0.4271159432830936
2022-06-25,Channel1,B1,Cat2,Sub-Cat2,1,128,2022,6,Low,102.0,122.0,0.9861567768976549
2022-07-02,Channel1,B1,Cat2,Sub-Cat2,1,97,2022,7,Low,128.0,102.0,0.31960809066490875
2022-07-09,Channel1,B1,Cat2,Sub-Cat2,1,114,2022,7,Low,97.0,128.0,0.6851347895667372
2022-07-16,Channel1,B1,Cat2,Sub-Cat2,1,84,2022,7,Low,114.0,97.0,0.04008767385762811
2022-07-23,Channel1,B1,Cat2,Sub-Cat2,1,102,2022,7,Low,84.0,114.0,0.4271159432830936
2022-07-30,Channel1,B1,Cat2,Sub-Cat2,1,115,2022,7,Low,102.0,84.0,0.7066363600903742
2022-08-06,Channel1,B1,Cat2,Sub-Cat2,1,91,2022,8,Low,115.0,102.0,0.1905986675230869
2022-08-13,Channel1,B1,Cat2,Sub-Cat2,1,87,2022,8,Low,91.0,115.0,0.10459238542853902
2022-08-20,Channel1,B1,Cat2,Sub-Cat2,1,91,2022,8,Low,87.0,91.0,0.1905986675230869
2022-08-27,Channel1,B1,Cat2,Sub-Cat2,1,129,2022,8,Low,91.0,87.0,1.007658347421292
2022-09-03,Channel1,B1,Cat2,Sub-Cat2,1,127,2022,9,Low,129.0,91.0,0.9646552063740179
2022-09-10,Channel1,B1,Cat2,Sub-Cat2,1,137,2022,9,Low,127.0,129.0,1.1796709116103876
2022-09-17,Channel1,B1,Cat2,Sub-Cat2,1,116,2022,9,Low,137.0,127.0,0.7281379306140112
2022-09-24,Channel1,B1,Cat2,Sub-Cat2,1,147,2022,9,Low,116.0,137.0,1.3946866168467573
2022-10-01,Channel1,B1,Cat2,Sub-Cat2,1,181,2022,10,Low,147.0,116.0,2.1257400146504146
2022-10-08,Channel1,B1,Cat2,Sub-Cat2,1,96,2022,10,Low,181.0,147.0,0.29810652014127176
2022-10-15,Channel1,B1,Cat2,Sub-Cat2,1,85,2022,10,Low,96.0,181.0,0.06158924438126508
2022-10-22,Channel1,B1,Cat2,Sub-Cat2,1,121,2022,10,Low,85.0,96.0,0.8356457832321961
2022-10-29,Channel1,B1,Cat2,Sub-Cat2,1,160,2022,10,Low,121.0,85.0,1.674207033654038
2022-11-05,Channel1,B1,Cat2,Sub-Cat2,1,226,2022,11,Low,160.0,121.0,3.0933106882140784
2022-11-12,Channel1,B1,Cat2,Sub-Cat2,1,244,2022,11,Low,226.0,160.0,3.480338957639544
2022-11-19,Channel1,B1,Cat2,Sub-Cat2,1,256,2022,11,Low,244.0,226.0,3.7383578039231873
2022-11-26,Channel1,B1,Cat2,Sub-Cat2,1,271,2022,11,Low,256.0,244.0,4.060881361777742
2022-12-03,Channel1,B1,Cat2,Sub-Cat2,1,104,2022,12,Low,271.0,256.0,0.47011908433036753
2022-12-10,Channel1,B1,Cat2,Sub-Cat2,1,87,2022,12,Low,104.0,271.0,0.10459238542853902
2022-12-17,Channel1,B1,Cat2,Sub-Cat2,1,97,2022,12,Low,87.0,104.0,0.31960809066490875
2022-12-24,Channel1,B1,Cat2,Sub-Cat2,1,88,2022,12,Low,97.0,87.0,0.126093955952176
2022-12-31,Channel1,B1,Cat2,Sub-Cat2,1,65,2022,12,Low,88.0,97.0,-0.36844216609147434
2023-01-07,Channel1,B1,Cat2,Sub-Cat2,1,77,2023,1,Low,65.0,88.0,-0.1104233198078307
2023-01-14,Channel1,B1,Cat2,Sub-Cat2,1,68,2023,1,Low,77.0,65.0,-0.3039374545205635
2023-01-21,Channel1,B1,Cat2,Sub-Cat2,1,92,2023,1,Low,68.0,77.0,0.2121002380467239
2023-01-28,Channel1,B1,Cat2,Sub-Cat2,1,49,2023,1,Low,92.0,68.0,-0.712467294469666
2023-02-04,Channel1,B1,Cat2,Sub-Cat2,1,64,2023,2,Low,49.0,92.0,-0.38994373661511134
2023-02-11,Channel1,B1,Cat2,Sub-Cat2,1,128,2023,2,Low,64.0,49.0,0.9861567768976549
2023-02-18,Channel1,B1,Cat2,Sub-Cat2,1,133,2023,2,Low,128.0,64.0,1.0936646295158399
2023-02-25,Channel1,B1,Cat2,Sub-Cat2,1,82,2023,2,Low,133.0,128.0,-0.002915467189645836
2023-03-04,Channel1,B1,Cat2,Sub-Cat2,1,93,2023,3,Low,82.0,133.0,0.23360180857036086
2023-03-11,Channel1,B1,Cat2,Sub-Cat2,1,82,2023,3,Low,93.0,82.0,-0.002915467189645836
2023-03-18,Channel1,B1,Cat2,Sub-Cat2,1,102,2023,3,Low,82.0,93.0,0.4271159432830936
2023-03-25,Channel1,B1,Cat2,Sub-Cat2,1,90,2023,3,Low,102.0,82.0,0.16909709699944994
2023-04-01,Channel1,B1,Cat2,Sub-Cat2,1,53,2023,4,Low,90.0,102.0,-0.6264610123751181
2023-04-08,Channel1,B1,Cat2,Sub-Cat2,1,99,2023,4,Low,53.0,90.0,0.3626112317121827
2023-04-15,Channel1,B1,Cat2,Sub-Cat2,1,95,2023,4,Low,99.0,53.0,0.2766049496176348
2023-04-22,Channel1,B1,Cat2,Sub-Cat2,1,125,2023,4,Low,95.0,99.0,0.9216520653267439
2023-04-29,Channel1,B1,Cat2,Sub-Cat2,1,99,2023,4,Low,125.0,95.0,0.3626112317121827
2023-05-06,Channel1,B1,Cat2,Sub-Cat2,1,129,2023,5,Low,99.0,125.0,1.007658347421292
2023-05-13,Channel1,B1,Cat2,Sub-Cat2,1,156,2023,5,Low,129.0,99.0,1.58820075155949
2023-05-20,Channel1,B1,Cat2,Sub-Cat2,1,71,2023,5,Low,156.0,129.0,-0.23943274294965253
2023-05-27,Channel1,B1,Cat2,Sub-Cat2,1,77,2023,5,Low,71.0,156.0,-0.1104233198078307
2023-06-03,Channel1,B1,Cat2,Sub-Cat2,1,85,2023,6,Low,77.0,71.0,0.06158924438126508
2023-06-10,Channel1,B1,Cat2,Sub-Cat2,1,125,2023,6,Low,85.0,77.0,0.9216520653267439
2023-06-17,Channel1,B1,Cat2,Sub-Cat2,1,95,2023,6,Low,125.0,85.0,0.2766049496176348
2023-06-24,Channel1,B1,Cat2,Sub-Cat2,1,97,2023,6,Low,95.0,125.0,0.31960809066490875
2023-07-01,Channel1,B1,Cat2,Sub-Cat2,1,94,2023,7,Low,97.0,95.0,0.25510337909399783
2023-07-08,Channel1,B1,Cat2,Sub-Cat2,1,82,2023,7,Low,94.0,97.0,-0.002915467189645836
2023-07-15,Channel1,B1,Cat2,Sub-Cat2,1,64,2023,7,Low,82.0,94.0,-0.38994373661511134
2023-07-22,Channel1,B1,Cat2,Sub-Cat2,1,83,2023,7,Low,64.0,82.0,0.018586103333991136
2023-07-29,Channel1,B1,Cat2,Sub-Cat2,1,78,2023,7,Low,83.0,64.0,-0.08892174928419373
2023-08-05,Channel1,B1,Cat2,Sub-Cat2,1,91,2023,8,Low,78.0,83.0,0.1905986675230869
2023-08-12,Channel1,B1,Cat2,Sub-Cat2,1,76,2023,8,Low,91.0,78.0,-0.13192489033146768
2023-08-19,Channel1,B1,Cat2,Sub-Cat2,1,81,2023,8,Low,76.0,91.0,-0.02441703771328281
2023-08-26,Channel1,B1,Cat2,Sub-Cat2,1,63,2023,8,Low,81.0,76.0,-0.41144530713874833
2023-09-02,Channel1,B1,Cat2,Sub-Cat2,1,82,2023,9,Low,63.0,81.0,-0.002915467189645836
2023-09-09,Channel1,B1,Cat2,Sub-Cat2,1,68,2023,9,Low,82.0,63.0,-0.3039374545205635
2023-09-16,Channel1,B1,Cat2,Sub-Cat2,1,87,2023,9,Low,68.0,82.0,0.10459238542853902
2023-09-23,Channel1,B1,Cat2,Sub-Cat2,1,76,2023,9,Low,87.0,68.0,-0.13192489033146768
2023-09-30,Channel1,B1,Cat2,Sub-Cat2,1,95,2023,9,Low,76.0,87.0,0.2766049496176348
2023-10-07,Channel1,B1,Cat2,Sub-Cat2,1,100,2023,10,Low,95.0,76.0,0.3841128022358197
2023-10-14,Channel1,B1,Cat2,Sub-Cat2,1,121,2023,10,Low,100.0,95.0,0.8356457832321961
2023-10-21,Channel1,B1,Cat2,Sub-Cat2,1,63,2023,10,Low,121.0,100.0,-0.41144530713874833
2023-10-28,Channel1,B1,Cat2,Sub-Cat2,1,87,2023,10,Low,63.0,121.0,0.10459238542853902
2023-11-04,Channel1,B1,Cat2,Sub-Cat2,1,108,2023,11,Low,87.0,63.0,0.5561253664249155
2023-11-11,Channel1,B1,Cat2,Sub-Cat2,1,50,2023,11,Low,108.0,87.0,-0.690965723946029
2023-11-18,Channel1,B1,Cat2,Sub-Cat2,1,29,2023,11,Low,50.0,108.0,-1.1424987049424054
2023-11-25,Channel1,B1,Cat2,Sub-Cat2,1,19,2023,11,Low,29.0,50.0,-1.357514410178775
2023-12-02,Channel1,B1,Cat2,Sub-Cat2,1,43,2023,12,Low,19.0,29.0,-0.8414767176114878
2023-12-09,Channel1,B1,Cat2,Sub-Cat2,1,46,2023,12,Low,43.0,19.0,-0.7769720060405768
2023-12-16,Channel1,B1,Cat2,Sub-Cat2,1,30,2023,12,Low,46.0,43.0,-1.1209971344187684
2023-12-23,Channel1,B1,Cat2,Sub-Cat2,1,40,2023,12,Low,30.0,46.0,-0.9059814291823987
2023-12-30,Channel1,B1,Cat2,Sub-Cat2,1,40,2023,12,Low,40.0,30.0,-0.9059814291823987
2024-01-06,Channel1,B1,Cat2,Sub-Cat2,1,47,2024,1,Low,40.0,40.0,-0.7554704355169398
2024-01-13,Channel1,B1,Cat2,Sub-Cat2,1,44,2024,1,Low,47.0,40.0,-0.8199751470878508
2024-01-20,Channel1,B1,Cat2,Sub-Cat2,1,43,2024,1,Low,44.0,47.0,-0.8414767176114878
2024-01-27,Channel1,B1,Cat2,Sub-Cat2,1,72,2024,1,Low,43.0,44.0,-0.21793117242601556
2024-02-03,Channel1,B1,Cat2,Sub-Cat2,1,63,2024,2,Low,72.0,43.0,-0.41144530713874833
2024-02-10,Channel1,B1,Cat2,Sub-Cat2,1,41,2024,2,Low,63.0,72.0,-0.8844798586587617
2024-02-17,Channel1,B1,Cat2,Sub-Cat2,1,44,2024,2,Low,41.0,63.0,-0.8199751470878508
2024-02-24,Channel1,B1,Cat2,Sub-Cat2,1,24,2024,2,Low,44.0,41.0,-1.2500065575605903
2024-03-02,Channel1,B1,Cat2,Sub-Cat2,1,24,2024,3,Low,24.0,44.0,-1.2500065575605903
2024-03-09,Channel1,B1,Cat2,Sub-Cat2,1,47,2024,3,Low,24.0,24.0,-0.7554704355169398
2024-03-16,Channel1,B1,Cat2,Sub-Cat2,1,54,2024,3,Low,47.0,24.0,-0.6049594418514811
2024-03-23,Channel1,B1,Cat2,Sub-Cat2,1,48,2024,3,Low,54.0,47.0,-0.7339688649933029
2024-03-30,Channel1,B1,Cat2,Sub-Cat2,1,46,2024,3,Low,48.0,54.0,-0.7769720060405768
2024-04-06,Channel1,B1,Cat2,Sub-Cat2,1,35,2024,4,Low,46.0,48.0,-1.0134892818005836
2024-04-13,Channel1,B1,Cat2,Sub-Cat2,1,46,2024,4,Low,35.0,46.0,-0.7769720060405768
2024-04-20,Channel1,B1,Cat2,Sub-Cat2,1,50,2024,4,Low,46.0,35.0,-0.690965723946029
2024-04-27,Channel1,B1,Cat2,Sub-Cat2,1,46,2024,4,Low,50.0,46.0,-0.7769720060405768
2024-05-04,Channel1,B1,Cat2,Sub-Cat2,1,45,2024,5,Low,46.0,50.0,-0.7984735765642138
2024-05-11,Channel1,B1,Cat2,Sub-Cat2,1,28,2024,5,Low,45.0,46.0,-1.1640002754660423
2024-05-18,Channel1,B1,Cat2,Sub-Cat2,1,37,2024,5,Low,28.0,45.0,-0.9704861407533096
2024-05-25,Channel1,B1,Cat2,Sub-Cat2,1,10,2024,5,Low,37.0,28.0,-1.5510285448915078
2024-06-01,Channel1,B1,Cat2,Sub-Cat2,1,24,2024,6,Low,10.0,37.0,-1.2500065575605903
2024-06-08,Channel1,B1,Cat2,Sub-Cat2,1,44,2024,6,Low,24.0,10.0,-0.8199751470878508
2024-06-15,Channel1,B1,Cat2,Sub-Cat2,1,28,2024,6,Low,44.0,24.0,-1.1640002754660423
2024-06-22,Channel1,B1,Cat2,Sub-Cat2,1,24,2024,6,Low,28.0,44.0,-1.2500065575605903
2024-06-29,Channel1,B1,Cat2,Sub-Cat2,1,28,2024,6,Low,24.0,28.0,-1.1640002754660423
2024-07-06,Channel1,B1,Cat2,Sub-Cat2,1,22,2024,7,Low,28.0,24.0,-1.293009698607864
2024-07-13,Channel1,B1,Cat2,Sub-Cat2,1,32,2024,7,Low,22.0,28.0,-1.0779939933714944
2024-07-20,Channel1,B1,Cat2,Sub-Cat2,1,43,2024,7,Low,32.0,22.0,-0.8414767176114878
2024-07-27,Channel1,B1,Cat2,Sub-Cat2,1,68,2024,7,Low,43.0,32.0,-0.3039374545205635
2024-08-03,Channel1,B1,Cat2,Sub-Cat2,1,64,2024,8,Low,68.0,43.0,-0.38994373661511134
2024-08-10,Channel1,B1,Cat2,Sub-Cat2,1,63,2024,8,Low,64.0,68.0,-0.41144530713874833
2024-08-17,Channel1,B1,Cat2,Sub-Cat2,1,38,2024,8,Low,63.0,64.0,-0.9489845702296726
2024-08-24,Channel1,B1,Cat2,Sub-Cat2,1,54,2024,8,Low,38.0,63.0,-0.6049594418514811
2024-08-31,Channel1,B1,Cat2,Sub-Cat2,1,78,2024,8,Low,54.0,38.0,-0.08892174928419373
2022-07-30,Channel2,B2,Cat3,Sub-Cat3,2,4,2022,7,Mid,,,-0.7718586720678171
2022-08-06,Channel2,B2,Cat3,Sub-Cat3,2,118,2022,8,Mid,4.0,,-0.45014399588186926
2022-08-13,Channel2,B2,Cat3,Sub-Cat3,2,103,2022,8,Mid,118.0,4.0,-0.49247487432738873
2022-08-20,Channel2,B2,Cat3,Sub-Cat3,2,151,2022,8,Mid,103.0,118.0,-0.35701606330172647
2022-08-27,Channel2,B2,Cat3,Sub-Cat3,2,209,2022,8,Mid,151.0,103.0,-0.19333666664571791
2022-09-03,Channel2,B2,Cat3,Sub-Cat3,2,182,2022,9,Mid,209.0,151.0,-0.26953224784765295
2022-09-10,Channel2,B2,Cat3,Sub-Cat3,2,139,2022,9,Mid,182.0,209.0,-0.39088076605814204
2022-09-17,Channel2,B2,Cat3,Sub-Cat3,2,883,2022,9,Mid,139.0,182.0,1.7087308048396228
2022-09-24,Channel2,B2,Cat3,Sub-Cat3,2,536,2022,9,Mid,883.0,139.0,0.7294764834666062
2022-10-01,Channel2,B2,Cat3,Sub-Cat3,2,115,2022,10,Mid,536.0,883.0,-0.45861017157097317
2022-10-08,Channel2,B2,Cat3,Sub-Cat3,2,176,2022,10,Mid,115.0,536.0,-0.2864645992258607
2022-10-15,Channel2,B2,Cat3,Sub-Cat3,2,202,2022,10,Mid,176.0,115.0,-0.21309107658696033
2022-10-22,Channel2,B2,Cat3,Sub-Cat3,2,222,2022,10,Mid,202.0,176.0,-0.1566499053262677
2022-10-29,Channel2,B2,Cat3,Sub-Cat3,2,285,2022,10,Mid,222.0,202.0,0.021139784144913982
2022-11-05,Channel2,B2,Cat3,Sub-Cat3,2,250,2022,11,Mid,285.0,222.0,-0.07763226556129808
2022-11-12,Channel2,B2,Cat3,Sub-Cat3,2,145,2022,11,Mid,250.0,285.0,-0.3739484146799343
2022-11-19,Channel2,B2,Cat3,Sub-Cat3,2,103,2022,11,Mid,145.0,250.0,-0.49247487432738873
2022-11-26,Channel2,B2,Cat3,Sub-Cat3,2,119,2022,11,Mid,103.0,145.0,-0.44732193731883463
2022-12-03,Channel2,B2,Cat3,Sub-Cat3,2,161,2022,12,Mid,119.0,103.0,-0.3287954776713802
2022-12-10,Channel2,B2,Cat3,Sub-Cat3,2,123,2022,12,Mid,161.0,119.0,-0.43603370306669614
2022-12-17,Channel2,B2,Cat3,Sub-Cat3,2,151,2022,12,Mid,123.0,161.0,-0.35701606330172647
2022-12-24,Channel2,B2,Cat3,Sub-Cat3,2,125,2022,12,Mid,151.0,123.0,-0.4303895859406269
2022-12-31,Channel2,B2,Cat3,Sub-Cat3,2,234,2022,12,Mid,125.0,151.0,-0.12278520256985216
2023-01-07,Channel2,B2,Cat3,Sub-Cat3,2,781,2023,1,Mid,234.0,125.0,1.4208808314100907
2023-01-14,Channel2,B2,Cat3,Sub-Cat3,2,720,2023,1,Mid,781.0,234.0,1.248735259064978
2023-01-21,Channel2,B2,Cat3,Sub-Cat3,2,137,2023,1,Mid,720.0,781.0,-0.3965248831842113
2023-01-28,Channel2,B2,Cat3,Sub-Cat3,2,116,2023,1,Mid,137.0,720.0,-0.45578811300793853
2023-02-04,Channel2,B2,Cat3,Sub-Cat3,2,156,2023,2,Mid,116.0,137.0,-0.34290577048655335
2023-02-11,Channel2,B2,Cat3,Sub-Cat3,2,139,2023,2,Mid,156.0,116.0,-0.39088076605814204
2023-02-18,Channel2,B2,Cat3,Sub-Cat3,2,141,2023,2,Mid,139.0,156.0,-0.38523664893207277
2023-02-25,Channel2,B2,Cat3,Sub-Cat3,2,155,2023,2,Mid,141.0,139.0,-0.34572782904958793
2023-03-04,Channel2,B2,Cat3,Sub-Cat3,2,204,2023,3,Mid,155.0,141.0,-0.20744695946089106
2023-03-11,Channel2,B2,Cat3,Sub-Cat3,2,216,2023,3,Mid,204.0,155.0,-0.1735822567044755
2023-03-18,Channel2,B2,Cat3,Sub-Cat3,2,212,2023,3,Mid,216.0,204.0,-0.18487049095661404
2023-03-25,Channel2,B2,Cat3,Sub-Cat3,2,161,2023,3,Mid,212.0,216.0,-0.3287954776713802
2023-04-01,Channel2,B2,Cat3,Sub-Cat3,2,133,2023,4,Mid,161.0,212.0,-0.40781311743634985
2023-04-08,Channel2,B2,Cat3,Sub-Cat3,2,226,2023,4,Mid,133.0,161.0,-0.1453616710741292
2023-04-15,Channel2,B2,Cat3,Sub-Cat3,2,191,2023,4,Mid,226.0,133.0,-0.24413372078034126
2023-04-22,Channel2,B2,Cat3,Sub-Cat3,2,170,2023,4,Mid,191.0,226.0,-0.3033969506040685
2023-04-29,Channel2,B2,Cat3,Sub-Cat3,2,188,2023,4,Mid,170.0,191.0,-0.25259989646944514
2023-05-06,Channel2,B2,Cat3,Sub-Cat3,2,173,2023,5,Mid,188.0,170.0,-0.2949307749149646
2023-05-13,Channel2,B2,Cat3,Sub-Cat3,2,149,2023,5,Mid,173.0,188.0,-0.36266018042779574
2023-05-20,Channel2,B2,Cat3,Sub-Cat3,2,148,2023,5,Mid,149.0,173.0,-0.3654822389908304
2023-05-27,Channel2,B2,Cat3,Sub-Cat3,2,217,2023,5,Mid,148.0,149.0,-0.1707601981414409
2023-06-03,Channel2,B2,Cat3,Sub-Cat3,2,785,2023,6,Mid,217.0,148.0,1.432169065662229
2023-06-10,Channel2,B2,Cat3,Sub-Cat3,2,1526,2023,6,Mid,785.0,217.0,3.52331446087089
2023-06-17,Channel2,B2,Cat3,Sub-Cat3,2,137,2023,6,Mid,1526.0,785.0,-0.3965248831842113
2023-06-24,Channel2,B2,Cat3,Sub-Cat3,2,134,2023,6,Mid,137.0,1526.0,-0.4049910588733152
2023-07-01,Channel2,B2,Cat3,Sub-Cat3,2,137,2023,7,Mid,134.0,137.0,-0.3965248831842113
2023-07-08,Channel2,B2,Cat3,Sub-Cat3,2,171,2023,7,Mid,137.0,134.0,-0.3005748920410339
2023-07-15,Channel2,B2,Cat3,Sub-Cat3,2,163,2023,7,Mid,171.0,137.0,-0.3231513605453109
2023-07-22,Channel2,B2,Cat3,Sub-Cat3,2,129,2023,7,Mid,163.0,171.0,-0.41910135168848833
2023-07-29,Channel2,B2,Cat3,Sub-Cat3,2,168,2023,7,Mid,129.0,163.0,-0.3090410677301378
2023-08-05,Channel2,B2,Cat3,Sub-Cat3,2,151,2023,8,Mid,168.0,129.0,-0.35701606330172647
2023-08-12,Channel2,B2,Cat3,Sub-Cat3,2,136,2023,8,Mid,151.0,168.0,-0.39934694174724594
2023-08-19,Channel2,B2,Cat3,Sub-Cat3,2,127,2023,8,Mid,136.0,151.0,-0.4247454688145576
2023-08-26,Channel2,B2,Cat3,Sub-Cat3,2,161,2023,8,Mid,127.0,136.0,-0.3287954776713802
2023-09-02,Channel2,B2,Cat3,Sub-Cat3,2,943,2023,9,Mid,161.0,127.0,1.8780543186217007
2023-09-09,Channel2,B2,Cat3,Sub-Cat3,2,1875,2023,9,Mid,943.0,161.0,4.508212899369976
2023-09-16,Channel2,B2,Cat3,Sub-Cat3,2,169,2023,9,Mid,1875.0,943.0,-0.30621900916710315
2023-09-23,Channel2,B2,Cat3,Sub-Cat3,2,115,2023,9,Mid,169.0,1875.0,-0.45861017157097317
2023-09-30,Channel2,B2,Cat3,Sub-Cat3,2,161,2023,9,Mid,115.0,169.0,-0.3287954776713802
2023-10-07,Channel2,B2,Cat3,Sub-Cat3,2,125,2023,10,Mid,161.0,115.0,-0.4303895859406269
2023-10-14,Channel2,B2,Cat3,Sub-Cat3,2,141,2023,10,Mid,125.0,161.0,-0.38523664893207277
2023-10-21,Channel2,B2,Cat3,Sub-Cat3,2,120,2023,10,Mid,141.0,125.0,-0.4444998787558
2023-10-28,Channel2,B2,Cat3,Sub-Cat3,2,154,2023,10,Mid,120.0,141.0,-0.34854988761262257
2023-11-04,Channel2,B2,Cat3,Sub-Cat3,2,133,2023,11,Mid,154.0,120.0,-0.40781311743634985
2023-11-11,Channel2,B2,Cat3,Sub-Cat3,2,103,2023,11,Mid,133.0,154.0,-0.49247487432738873
2023-11-18,Channel2,B2,Cat3,Sub-Cat3,2,149,2023,11,Mid,103.0,133.0,-0.36266018042779574
2023-11-25,Channel2,B2,Cat3,Sub-Cat3,2,170,2023,11,Mid,149.0,103.0,-0.3033969506040685
2023-12-02,Channel2,B2,Cat3,Sub-Cat3,2,134,2023,12,Mid,170.0,149.0,-0.4049910588733152
2023-12-09,Channel2,B2,Cat3,Sub-Cat3,2,686,2023,12,Mid,134.0,170.0,1.1527852679218007
2023-12-16,Channel2,B2,Cat3,Sub-Cat3,2,1238,2023,12,Mid,686.0,134.0,2.710561594716917
2023-12-23,Channel2,B2,Cat3,Sub-Cat3,2,360,2023,12,Mid,1238.0,686.0,0.23279417637251126
2023-12-30,Channel2,B2,Cat3,Sub-Cat3,2,127,2023,12,Mid,360.0,1238.0,-0.4247454688145576
2024-01-06,Channel2,B2,Cat3,Sub-Cat3,2,117,2024,1,Mid,127.0,360.0,-0.4529660544449039
2024-01-13,Channel2,B2,Cat3,Sub-Cat3,2,104,2024,1,Mid,117.0,127.0,-0.4896528157643541
2024-01-20,Channel2,B2,Cat3,Sub-Cat3,2,107,2024,1,Mid,104.0,117.0,-0.4811866400752502
2024-01-27,Channel2,B2,Cat3,Sub-Cat3,2,152,2024,1,Mid,107.0,104.0,-0.35419400473869184
2024-02-03,Channel2,B2,Cat3,Sub-Cat3,2,141,2024,2,Mid,152.0,107.0,-0.38523664893207277
2024-02-10,Channel2,B2,Cat3,Sub-Cat3,2,139,2024,2,Mid,141.0,152.0,-0.39088076605814204
2024-02-17,Channel2,B2,Cat3,Sub-Cat3,2,110,2024,2,Mid,139.0,141.0,-0.47272046438614634
2024-02-24,Channel2,B2,Cat3,Sub-Cat3,2,143,2024,2,Mid,110.0,139.0,-0.3795925318060035
2024-03-02,Channel2,B2,Cat3,Sub-Cat3,2,149,2024,3,Mid,143.0,110.0,-0.36266018042779574
2024-03-09,Channel2,B2,Cat3,Sub-Cat3,2,141,2024,3,Mid,149.0,143.0,-0.38523664893207277
2024-03-16,Channel2,B2,Cat3,Sub-Cat3,2,1717,2024,3,Mid,141.0,149.0,4.0623276464105045
2024-03-23,Channel2,B2,Cat3,Sub-Cat3,2,718,2024,3,Mid,1717.0,141.0,1.2430911419389088
2024-03-30,Channel2,B2,Cat3,Sub-Cat3,2,134,2024,3,Mid,718.0,1717.0,-0.4049910588733152
2024-04-06,Channel2,B2,Cat3,Sub-Cat3,2,144,2024,4,Mid,134.0,718.0,-0.37677047324296886
2024-04-13,Channel2,B2,Cat3,Sub-Cat3,2,129,2024,4,Mid,144.0,134.0,-0.41910135168848833
2024-04-20,Channel2,B2,Cat3,Sub-Cat3,2,137,2024,4,Mid,129.0,144.0,-0.3965248831842113
2024-04-27,Channel2,B2,Cat3,Sub-Cat3,2,184,2024,4,Mid,137.0,129.0,-0.2638881307215837
2024-05-04,Channel2,B2,Cat3,Sub-Cat3,2,150,2024,5,Mid,184.0,137.0,-0.3598381218647611
2024-05-11,Channel2,B2,Cat3,Sub-Cat3,2,153,2024,5,Mid,150.0,184.0,-0.3513719461756572
2024-05-18,Channel2,B2,Cat3,Sub-Cat3,2,174,2024,5,Mid,153.0,150.0,-0.29210871635193
2024-05-25,Channel2,B2,Cat3,Sub-Cat3,2,153,2024,5,Mid,174.0,153.0,-0.3513719461756572
2024-06-01,Channel2,B2,Cat3,Sub-Cat3,2,181,2024,6,Mid,153.0,174.0,-0.2723543064106876
2024-06-08,Channel2,B2,Cat3,Sub-Cat3,2,1012,2024,6,Mid,181.0,153.0,2.0727763594710904
2024-06-15,Channel2,B2,Cat3,Sub-Cat3,2,1911,2024,6,Mid,1012.0,181.0,4.609807007639223
2024-06-22,Channel2,B2,Cat3,Sub-Cat3,2,206,2024,6,Mid,1911.0,1012.0,-0.20180284233482182
2024-06-29,Channel2,B2,Cat3,Sub-Cat3,2,178,2024,6,Mid,206.0,1911.0,-0.28082048209979144
2024-07-06,Channel2,B2,Cat3,Sub-Cat3,2,176,2024,7,Mid,178.0,206.0,-0.2864645992258607
2024-07-13,Channel2,B2,Cat3,Sub-Cat3,2,180,2024,7,Mid,176.0,178.0,-0.2751763649737222
2024-07-20,Channel2,B2,Cat3,Sub-Cat3,2,245,2024,7,Mid,180.0,176.0,-0.09174255837647123
2024-07-27,Channel2,B2,Cat3,Sub-Cat3,2,141,2024,7,Mid,245.0,180.0,-0.38523664893207277
2024-08-03,Channel2,B2,Cat3,Sub-Cat3,2,151,2024,8,Mid,141.0,245.0,-0.35701606330172647
2024-08-10,Channel2,B2,Cat3,Sub-Cat3,2,171,2024,8,Mid,151.0,141.0,-0.3005748920410339
2024-08-17,Channel2,B2,Cat3,Sub-Cat3,2,151,2024,8,Mid,171.0,151.0,-0.35701606330172647
2024-08-24,Channel2,B2,Cat3,Sub-Cat3,2,250,2024,8,Mid,151.0,171.0,-0.07763226556129808
2024-08-31,Channel2,B2,Cat3,Sub-Cat3,2,180,2024,8,Mid,250.0,151.0,-0.2751763649737222
2024-08-31,Channel3,B1,Cat3,Sub-Cat4,3,972,2024,8,Mid,,,0.16554593022496666
2024-08-31,Channel3,B1,Cat3,Sub-Cat4,3,1841,2024,8,Mid,972.0,,0.9883537765932059
2024-08-31,Channel3,B1,Cat3,Sub-Cat4,3,7090,2024,8,Mid,1841.0,972.0,5.958340411330707
2024-08-31,Channel3,B1,Cat3,Sub-Cat4,3,425,2024,8,Mid,7090.0,1841.0,-0.3523779960850758
2024-08-31,Channel3,B1,Cat3,Sub-Cat4,3,5177,2024,8,Mid,425.0,7090.0,4.147026935953904
2024-08-31,Channel3,B1,Cat3,Sub-Cat4,3,3588,2024,8,Mid,5177.0,425.0,2.6424910695797585
2024-08-31,Channel3,B1,Cat3,Sub-Cat4,3,2266,2024,8,Mid,3588.0,5177.0,1.3907626772911366
2024-08-31,Channel3,B1,Cat3,Sub-Cat4,3,214,2024,8,Mid,2266.0,3588.0,-0.5521621797256955
2024-08-31,Channel3,B1,Cat3,Sub-Cat4,3,2398,2024,8,Mid,214.0,2266.0,1.5157461476255527
2024-08-31,Channel3,B1,Cat3,Sub-Cat4,3,815,2024,8,Mid,2398.0,214.0,0.016891348084789943
2024-08-31,Channel3,B1,Cat3,Sub-Cat4,3,1136,2024,8,Mid,815.0,2398.0,0.32082842367075637
2024-08-31,Channel3,B1,Cat3,Sub-Cat4,3,1388,2024,8,Mid,1136.0,815.0,0.5594332306728235
2024-08-31,Channel3,B1,Cat3,Sub-Cat4,3,944,2024,8,Mid,1388.0,1136.0,0.13903428500251477
2024-08-31,Channel3,B1,Cat3,Sub-Cat4,3,208,2024,8,Mid,944.0,1388.0,-0.557843246559078
2024-08-31,Channel3,B1,Cat3,Sub-Cat4,3,749,2024,8,Mid,208.0,944.0,-0.045600387082418106
2024-08-31,Channel3,B1,Cat3,Sub-Cat4,3,1973,2024,8,Mid,749.0,208.0,1.113337246927622
2024-08-31,Channel3,B1,Cat3,Sub-Cat4,3,1416,2024,8,Mid,1973.0,749.0,0.5859448758952754
2024-08-31,Channel3,B1,Cat3,Sub-Cat4,3,563,2024,8,Mid,1416.0,1973.0,-0.22171345891727717
2024-08-31,Channel3,B1,Cat3,Sub-Cat4,3,865,2024,8,Mid,563.0,1416.0,0.06423357169631119
2024-08-31,Channel3,B1,Cat3,Sub-Cat4,3,296,2024,8,Mid,865.0,563.0,-0.4745209330028006
2024-08-31,Channel3,B1,Cat3,Sub-Cat4,3,1237,2024,8,Mid,296.0,865.0,0.4164597153660293
2024-08-31,Channel3,B1,Cat3,Sub-Cat4,3,315,2024,8,Mid,1237.0,296.0,-0.4565308880304226
2024-08-31,Channel3,B1,Cat3,Sub-Cat4,3,384,2024,8,Mid,315.0,1237.0,-0.39119861944652323
2024-08-31,Channel3,B1,Cat3,Sub-Cat4,3,1429,2024,8,Mid,384.0,315.0,0.5982538540342709
2024-08-31,Channel3,B1,Cat3,Sub-Cat4,3,1123,2024,8,Mid,1429.0,384.0,0.30851944553176086
2024-08-31,Channel3,B1,Cat3,Sub-Cat4,3,595,2024,8,Mid,1123.0,1429.0,-0.19141443580590356
2024-08-31,Channel3,B1,Cat3,Sub-Cat4,3,66,2024,8,Mid,595.0,1123.0,-0.6922951616157984
2024-08-31,Channel3,B1,Cat3,Sub-Cat4,3,267,2024,8,Mid,66.0,595.0,-0.501979422697483
2024-08-31,Channel3,B1,Cat3,Sub-Cat4,3,1866,2024,8,Mid,267.0,66.0,1.0120248883989666
2024-08-31,Channel3,B1,Cat3,Sub-Cat4,3,752,2024,8,Mid,1866.0,267.0,-0.042759853665726835
2024-08-31,Channel3,B1,Cat3,Sub-Cat4,3,107,2024,8,Mid,752.0,1866.0,-0.653474538254351
2024-08-31,Channel3,B1,Cat3,Sub-Cat4,3,774,2024,8,Mid,107.0,752.0,-0.021929275276657483
2024-08-31,Channel3,B1,Cat3,Sub-Cat4,3,960,2024,8,Mid,774.0,107.0,0.15418379655820158
2024-08-31,Channel3,B1,Cat3,Sub-Cat4,3,132,2024,8,Mid,960.0,774.0,-0.6298034264485903
2024-08-31,Channel3,B1,Cat3,Sub-Cat4,3,239,2024,8,Mid,132.0,960.0,-0.5284910679199348
2024-08-31,Channel3,B1,Cat3,Sub-Cat4,3,689,2024,8,Mid,239.0,132.0,-0.10241105541624361
2024-08-31,Channel3,B1,Cat3,Sub-Cat4,3,651,2024,8,Mid,689.0,239.0,-0.13839114536099975
2024-08-31,Channel3,B1,Cat3,Sub-Cat4,3,963,2024,8,Mid,651.0,689.0,0.15702432997489285
2024-08-31,Channel3,B1,Cat3,Sub-Cat4,3,242,2024,8,Mid,963.0,651.0,-0.5256505345032436
2024-08-31,Channel3,B1,Cat3,Sub-Cat4,3,397,2024,8,Mid,242.0,963.0,-0.3788896413075277
2024-08-31,Channel3,B1,Cat3,Sub-Cat4,3,743,2024,8,Mid,397.0,242.0,-0.05128145391580066
2024-08-31,Channel3,B1,Cat3,Sub-Cat4,3,1001,2024,8,Mid,743.0,397.0,0.193004419919649
2024-08-31,Channel3,B1,Cat3,Sub-Cat4,3,730,2024,8,Mid,1001.0,743.0,-0.06359043205479618
2024-08-31,Channel3,B1,Cat3,Sub-Cat4,3,529,2024,8,Mid,730.0,1001.0,-0.25390617097311163
2024-08-31,Channel3,B1,Cat3,Sub-Cat4,3,576,2024,8,Mid,529.0,730.0,-0.20940448077828164
2024-08-31,Channel3,B1,Cat3,Sub-Cat4,3,431,2024,8,Mid,576.0,529.0,-0.34669692925169326
2024-08-31,Channel3,B1,Cat3,Sub-Cat4,3,2892,2024,8,Mid,431.0,576.0,1.9834873169073826
2024-08-31,Channel3,B1,Cat3,Sub-Cat4,3,35,2024,8,Mid,2892.0,431.0,-0.7216473402549416
2024-08-31,Channel3,B1,Cat3,Sub-Cat4,3,302,2024,8,Mid,35.0,2892.0,-0.4688398661694181
2024-08-31,Channel3,B1,Cat3,Sub-Cat4,3,60,2024,8,Mid,302.0,35.0,-0.697976228449181
2024-08-31,Channel3,B1,Cat3,Sub-Cat4,3,217,2024,8,Mid,60.0,302.0,-0.5493216463090043
2024-08-31,Channel3,B1,Cat3,Sub-Cat4,3,1945,2024,8,Mid,217.0,60.0,1.08682560170517
2024-08-31,Channel3,B1,Cat3,Sub-Cat4,3,397,2024,8,Mid,1945.0,217.0,-0.3788896413075277
2024-08-31,Channel3,B1,Cat3,Sub-Cat4,3,585,2024,8,Mid,397.0,1945.0,-0.20088288052820782
2024-08-31,Channel3,B1,Cat3,Sub-Cat4,3,721,2024,8,Mid,585.0,397.0,-0.07211203230487001
2024-08-31,Channel3,B1,Cat3,Sub-Cat4,3,2039,2024,8,Mid,721.0,585.0,1.17582898209483
2024-08-31,Channel3,B1,Cat3,Sub-Cat4,3,708,2024,8,Mid,2039.0,721.0,-0.08442101044386553
2024-08-31,Channel3,B1,Cat3,Sub-Cat4,3,98,2024,8,Mid,708.0,2039.0,-0.6619961385044248
2024-08-31,Channel3,B1,Cat3,Sub-Cat4,3,437,2024,8,Mid,98.0,708.0,-0.3410158624183107
2024-08-31,Channel3,B1,Cat3,Sub-Cat4,3,913,2024,8,Mid,437.0,98.0,0.1096821063633716
2024-08-31,Channel3,B1,Cat3,Sub-Cat4,3,330,2024,8,Mid,913.0,437.0,-0.4423282209469662
2024-08-31,Channel3,B1,Cat3,Sub-Cat4,3,135,2024,8,Mid,330.0,913.0,-0.6269628930318991
2024-08-31,Channel3,B1,Cat3,Sub-Cat4,3,526,2024,8,Mid,135.0,330.0,-0.2567467043898029
2024-08-31,Channel3,B1,Cat3,Sub-Cat4,3,1035,2024,8,Mid,526.0,135.0,0.22519713197548344
2024-08-31,Channel3,B1,Cat3,Sub-Cat4,3,1290,2024,8,Mid,1035.0,526.0,0.46664247239424184
2024-08-31,Channel3,B1,Cat3,Sub-Cat4,3,431,2024,8,Mid,1290.0,1035.0,-0.34669692925169326
2024-08-31,Channel3,B1,Cat3,Sub-Cat4,3,154,2024,8,Mid,431.0,1290.0,-0.608972848059521
2024-08-31,Channel3,B1,Cat3,Sub-Cat4,3,548,2024,8,Mid,154.0,431.0,-0.23591612600073353
2024-08-31,Channel3,B1,Cat3,Sub-Cat4,3,434,2024,8,Mid,548.0,154.0,-0.343856395835002
2024-08-31,Channel3,B1,Cat3,Sub-Cat4,3,94,2024,8,Mid,434.0,548.0,-0.6657835163933465
2024-08-31,Channel3,B1,Cat3,Sub-Cat4,3,296,2024,8,Mid,94.0,434.0,-0.4745209330028006
2024-08-31,Channel3,B1,Cat3,Sub-Cat4,3,321,2024,8,Mid,296.0,94.0,-0.45084982119704003
2024-08-31,Channel3,B1,Cat3,Sub-Cat4,3,302,2024,8,Mid,321.0,296.0,-0.4688398661694181
2024-08-31,Channel3,B1,Cat3,Sub-Cat4,3,19,2024,8,Mid,302.0,321.0,-0.7367968518106284
2024-08-31,Channel3,B1,Cat3,Sub-Cat4,3,994,2024,8,Mid,19.0,302.0,0.186376508614036
2024-08-31,Channel3,B1,Cat3,Sub-Cat4,3,378,2024,8,Mid,994.0,19.0,-0.3968796862799058
2024-08-31,Channel3,B1,Cat3,Sub-Cat4,3,308,2024,8,Mid,378.0,994.0,-0.46315879933603554
2024-08-31,Channel3,B1,Cat3,Sub-Cat4,3,296,2024,8,Mid,308.0,378.0,-0.4745209330028006
2024-08-31,Channel3,B1,Cat3,Sub-Cat4,3,88,2024,8,Mid,296.0,308.0,-0.6714645832267291
2024-08-31,Channel3,B1,Cat3,Sub-Cat4,3,267,2024,8,Mid,88.0,296.0,-0.501979422697483
2024-08-31,Channel3,B1,Cat3,Sub-Cat4,3,988,2024,8,Mid,267.0,88.0,0.18069544178065347
2024-08-31,Channel3,B1,Cat3,Sub-Cat4,3,2105,2024,8,Mid,988.0,267.0,1.238320717262038
2024-08-31,Channel3,B1,Cat3,Sub-Cat4,3,365,2024,8,Mid,2105.0,988.0,-0.40918866441890134
2024-08-31,Channel3,B1,Cat3,Sub-Cat4,3,585,2024,8,Mid,365.0,2105.0,-0.20088288052820782
2024-08-31,Channel3,B1,Cat3,Sub-Cat4,3,4201,2024,8,Mid,585.0,365.0,3.222906731057009
2024-08-31,Channel3,B1,Cat3,Sub-Cat4,3,1070,2024,8,Mid,4201.0,585.0,0.25833668850354835
2024-08-31,Channel3,B1,Cat3,Sub-Cat4,3,1183,2024,8,Mid,1070.0,4201.0,0.36533011386558634
2024-08-31,Channel3,B1,Cat3,Sub-Cat4,3,19,2024,8,Mid,1183.0,1070.0,-0.7367968518106284
2024-08-31,Channel3,B1,Cat3,Sub-Cat4,3,3,2024,8,Mid,19.0,1183.0,-0.7519463633663152
2024-08-31,Channel3,B1,Cat3,Sub-Cat4,3,252,2024,8,Mid,3.0,19.0,-0.5161820897809394
2024-08-31,Channel3,B1,Cat3,Sub-Cat4,3,91,2024,8,Mid,252.0,3.0,-0.6686240498100378
2024-08-31,Channel3,B1,Cat3,Sub-Cat4,3,9,2024,8,Mid,91.0,252.0,-0.7462652965329326
2024-08-31,Channel3,B1,Cat3,Sub-Cat4,3,151,2024,8,Mid,9.0,91.0,-0.6118133814762122
2024-08-31,Channel3,B1,Cat3,Sub-Cat4,3,57,2024,8,Mid,151.0,9.0,-0.7008167618658723
2024-08-31,Channel3,B1,Cat3,Sub-Cat4,3,806,2024,8,Mid,57.0,151.0,0.008369747834716118
2024-08-31,Channel3,B1,Cat3,Sub-Cat4,3,88,2024,8,Mid,806.0,57.0,-0.6714645832267291
2024-08-31,Channel3,B1,Cat3,Sub-Cat4,3,318,2024,8,Mid,88.0,806.0,-0.4536903546137313
2024-08-31,Channel3,B1,Cat3,Sub-Cat4,3,6,2024,8,Mid,318.0,88.0,-0.7491058299496239
2024-08-31,Channel3,B1,Cat3,Sub-Cat4,3,88,2024,8,Mid,6.0,318.0,-0.6714645832267291
2024-08-31,Channel3,B1,Cat3,Sub-Cat4,3,57,2024,8,Mid,88.0,6.0,-0.7008167618658723
2024-08-31,Channel3,B1,Cat3,Sub-Cat4,3,19,2024,8,Mid,57.0,88.0,-0.7367968518106284
2024-08-31,Channel3,B1,Cat3,Sub-Cat4,3,6,2024,8,Mid,19.0,57.0,-0.7491058299496239
2024-08-31,Channel3,B1,Cat3,Sub-Cat4,3,255,2024,8,Mid,6.0,19.0,-0.513341556364248
2024-08-31,Channel3,B1,Cat3,Sub-Cat4,3,267,2024,8,Mid,255.0,6.0,-0.501979422697483
2024-08-31,Channel3,B1,Cat3,Sub-Cat4,3,132,2024,8,Mid,267.0,255.0,-0.6298034264485903
2024-08-31,Channel3,B1,Cat3,Sub-Cat4,3,261,2024,8,Mid,132.0,267.0,-0.5076604895308655
2023-01-21,Channel2,B1,Cat3,Sub-Cat4,4,196,2023,1,High,,,-0.6641542058927914
2023-01-28,Channel2,B1,Cat3,Sub-Cat4,4,386,2023,1,High,196.0,,-0.5218603204665432
2023-02-04,Channel2,B1,Cat3,Sub-Cat4,4,391,2023,2,High,386.0,196.0,-0.5181157445342734
2023-02-11,Channel2,B1,Cat3,Sub-Cat4,4,578,2023,2,High,391.0,386.0,-0.37806860466738706
2023-02-18,Channel2,B1,Cat3,Sub-Cat4,4,321,2023,2,High,578.0,391.0,-0.570539807586049
2023-02-25,Channel2,B1,Cat3,Sub-Cat4,4,764,2023,2,High,321.0,578.0,-0.23877037998695458
2023-03-04,Channel2,B1,Cat3,Sub-Cat4,4,708,2023,3,High,764.0,321.0,-0.2807096304283751
2023-03-11,Channel2,B1,Cat3,Sub-Cat4,4,356,2023,3,High,708.0,764.0,-0.5443277760601613
2023-03-18,Channel2,B1,Cat3,Sub-Cat4,4,515,2023,3,High,356.0,708.0,-0.42525026141398514
2023-03-25,Channel2,B1,Cat3,Sub-Cat4,4,922,2023,3,High,515.0,356.0,-0.12044178052723237
2023-04-01,Channel2,B1,Cat3,Sub-Cat4,4,762,2023,4,High,922.0,515.0,-0.24026821035986246
2023-04-08,Channel2,B1,Cat3,Sub-Cat4,4,403,2023,4,High,762.0,922.0,-0.5091287622968262
2023-04-15,Channel2,B1,Cat3,Sub-Cat4,4,389,2023,4,High,403.0,762.0,-0.5196135749071813
2023-04-22,Channel2,B1,Cat3,Sub-Cat4,4,4851,2023,4,High,389.0,403.0,2.82204598705029
2023-04-22,Channel2,B2,Cat3,Sub-Cat3,4,76,2023,4,High,4851.0,389.0,-0.7540240282672639
2023-04-29,Channel2,B1,Cat3,Sub-Cat4,4,3556,2023,4,High,76.0,4851.0,1.8522008205924403
2023-04-29,Channel2,B2,Cat3,Sub-Cat3,4,135,2023,4,High,3556.0,76.0,-0.7098380322664816
2023-05-06,Channel2,B1,Cat3,Sub-Cat4,4,724,2023,5,High,135.0,3556.0,-0.2687269874451121
2023-05-06,Channel2,B2,Cat3,Sub-Cat3,4,216,2023,5,High,724.0,135.0,-0.6491759021637126
2023-05-13,Channel2,B1,Cat3,Sub-Cat4,4,626,2023,5,High,216.0,724.0,-0.342120675717598
2023-05-13,Channel2,B2,Cat3,Sub-Cat3,4,255,2023,5,High,626.0,216.0,-0.619968209892009
2023-05-20,Channel2,B1,Cat3,Sub-Cat4,4,865,2023,5,High,255.0,626.0,-0.16312994615510684
2023-05-20,Channel2,B2,Cat3,Sub-Cat3,4,327,2023,5,High,865.0,255.0,-0.5660463164673255
2023-05-27,Channel2,B1,Cat3,Sub-Cat4,4,1053,2023,5,High,327.0,865.0,-0.02233389110176649
2023-05-27,Channel2,B2,Cat3,Sub-Cat3,4,514,2023,5,High,1053.0,327.0,-0.42599917660043907
2023-06-03,Channel2,B1,Cat3,Sub-Cat4,4,389,2023,6,High,514.0,1053.0,-0.5196135749071813
2023-06-03,Channel2,B2,Cat3,Sub-Cat3,4,851,2023,6,High,389.0,514.0,-0.17361475876546198
2023-06-10,Channel2,B1,Cat3,Sub-Cat4,4,517,2023,6,High,851.0,389.0,-0.42375243104107724
2023-06-10,Channel2,B2,Cat3,Sub-Cat3,4,1331,2023,6,High,517.0,851.0,0.18586453073242828
2023-06-17,Channel2,B1,Cat3,Sub-Cat4,4,420,2023,6,High,1331.0,517.0,-0.49639720412710925
2023-06-17,Channel2,B2,Cat3,Sub-Cat3,4,219,2023,6,High,420.0,1331.0,-0.6469291566043508
2023-06-24,Channel2,B1,Cat3,Sub-Cat4,4,344,2023,6,High,219.0,420.0,-0.5533147582976086
2023-06-24,Channel2,B2,Cat3,Sub-Cat3,4,379,2023,6,High,344.0,219.0,-0.5271027267717207
2023-07-01,Channel2,B1,Cat3,Sub-Cat4,4,751,2023,7,High,379.0,344.0,-0.24850627741085576
2023-07-01,Channel2,B2,Cat3,Sub-Cat3,4,393,2023,7,High,751.0,379.0,-0.5166179141613656
2023-07-08,Channel2,B1,Cat3,Sub-Cat4,4,5329,2023,7,High,393.0,751.0,3.180027446175272
2023-07-08,Channel2,B2,Cat3,Sub-Cat3,4,515,2023,7,High,5329.0,393.0,-0.42525026141398514
2023-07-15,Channel2,B1,Cat3,Sub-Cat4,4,2507,2023,7,High,515.0,5329.0,1.0665887900022593
2023-07-15,Channel2,B2,Cat3,Sub-Cat3,4,466,2023,7,High,2507.0,515.0,-0.4619471055502281
2023-07-22,Channel2,B1,Cat3,Sub-Cat4,4,591,2023,7,High,466.0,2507.0,-0.3683327072434858
2023-07-22,Channel2,B2,Cat3,Sub-Cat3,4,457,2023,7,High,591.0,466.0,-0.46868734222831354
2023-07-29,Channel2,B1,Cat3,Sub-Cat4,4,635,2023,7,High,457.0,591.0,-0.3353804390395126
2023-07-29,Channel2,B2,Cat3,Sub-Cat3,4,492,2023,7,High,635.0,457.0,-0.4424753107024257
2023-08-05,Channel2,B1,Cat3,Sub-Cat4,4,708,2023,8,High,492.0,635.0,-0.2807096304283751
2023-08-05,Channel2,B2,Cat3,Sub-Cat3,4,331,2023,8,High,708.0,492.0,-0.5630506557215097
2023-08-12,Channel2,B1,Cat3,Sub-Cat4,4,524,2023,8,High,331.0,708.0,-0.4185100247358997
2023-08-12,Channel2,B2,Cat3,Sub-Cat3,4,480,2023,8,High,524.0,331.0,-0.45146229293987294
2023-08-19,Channel2,B1,Cat3,Sub-Cat4,4,563,2023,8,High,480.0,524.0,-0.3893023324641961
2023-08-19,Channel2,B2,Cat3,Sub-Cat3,4,395,2023,8,High,563.0,480.0,-0.5151200837884576
2023-08-26,Channel2,B1,Cat3,Sub-Cat4,4,505,2023,8,High,395.0,563.0,-0.4327394132785245
2023-08-26,Channel2,B2,Cat3,Sub-Cat3,4,503,2023,8,High,505.0,395.0,-0.4342372436514324
2023-09-02,Channel2,B1,Cat3,Sub-Cat4,4,508,2023,9,High,503.0,505.0,-0.4304926677191627
2023-09-02,Channel2,B2,Cat3,Sub-Cat3,4,2536,2023,9,High,508.0,503.0,1.0883073304094235
2023-09-09,Channel2,B1,Cat3,Sub-Cat4,4,587,2023,9,High,2536.0,508.0,-0.3713283679893016
2023-09-09,Channel2,B2,Cat3,Sub-Cat3,4,2082,2023,9,High,587.0,2536.0,0.7482998357593357
2023-09-16,Channel2,B1,Cat3,Sub-Cat4,4,1942,2023,9,High,2082.0,587.0,0.6434517096557844
2023-09-16,Channel2,B2,Cat3,Sub-Cat3,4,261,2023,9,High,1942.0,2082.0,-0.6154747187732854
2023-09-23,Channel2,B1,Cat3,Sub-Cat4,4,4283,2023,9,High,261.0,1942.0,2.3966621611444534
2023-09-23,Channel2,B2,Cat3,Sub-Cat3,4,360,2023,9,High,4283.0,261.0,-0.5413321153143456
2023-09-30,Channel2,B1,Cat3,Sub-Cat4,4,2204,2023,9,High,360.0,4283.0,0.8396674885067161
2023-09-30,Channel2,B2,Cat3,Sub-Cat3,4,402,2023,9,High,2204.0,360.0,-0.5098776774832802
2023-10-07,Channel2,B1,Cat3,Sub-Cat4,4,574,2023,10,High,402.0,2204.0,-0.3810642654132028
2023-10-07,Channel2,B2,Cat3,Sub-Cat3,4,338,2023,10,High,574.0,402.0,-0.5578082494163321
2023-10-14,Channel2,B1,Cat3,Sub-Cat4,4,521,2023,10,High,338.0,574.0,-0.4207567702952615
2023-10-14,Channel2,B2,Cat3,Sub-Cat3,4,334,2023,10,High,521.0,338.0,-0.5608039101621479
2023-10-21,Channel2,B1,Cat3,Sub-Cat4,4,450,2023,10,High,334.0,521.0,-0.4739297485334911
2023-10-21,Channel2,B2,Cat3,Sub-Cat3,4,311,2023,10,High,450.0,334.0,-0.5780289594505885
2023-10-28,Channel2,B1,Cat3,Sub-Cat4,4,559,2023,10,High,311.0,450.0,-0.39229799321001185
2023-10-28,Channel2,B2,Cat3,Sub-Cat3,4,411,2023,10,High,559.0,311.0,-0.5031374408051947
2023-11-04,Channel2,B1,Cat3,Sub-Cat4,4,754,2023,11,High,411.0,559.0,-0.24625953185149396
2023-11-04,Channel2,B2,Cat3,Sub-Cat3,4,371,2023,11,High,754.0,411.0,-0.5330940482633522
2023-11-11,Channel2,B1,Cat3,Sub-Cat4,4,675,2023,11,High,371.0,754.0,-0.30542383158135505
2023-11-11,Channel2,B2,Cat3,Sub-Cat3,4,367,2023,11,High,675.0,371.0,-0.536089709009168
2023-11-18,Channel2,B1,Cat3,Sub-Cat4,4,895,2023,11,High,367.0,675.0,-0.1406624905614887
2023-11-18,Channel2,B2,Cat3,Sub-Cat3,4,362,2023,11,High,895.0,367.0,-0.5398342849414376
2023-11-25,Channel2,B1,Cat3,Sub-Cat4,4,992,2023,11,High,362.0,895.0,-0.06801771747545671
2023-11-25,Channel2,B2,Cat3,Sub-Cat3,4,446,2023,11,High,992.0,362.0,-0.4769254092793069
2023-12-02,Channel2,B1,Cat3,Sub-Cat4,4,1175,2023,12,High,446.0,992.0,0.06903376164561395
2023-12-02,Channel2,B2,Cat3,Sub-Cat3,4,399,2023,12,High,1175.0,446.0,-0.5121244230426419
2023-12-09,Channel2,B1,Cat3,Sub-Cat4,4,1082,2023,12,High,399.0,1175.0,-0.000615350694602289
2023-12-09,Channel2,B2,Cat3,Sub-Cat3,4,2177,2023,12,High,1082.0,399.0,0.8194467784724598
2023-12-16,Channel2,B1,Cat3,Sub-Cat4,4,1078,2023,12,High,2177.0,1082.0,-0.003611011440418041
2023-12-16,Channel2,B2,Cat3,Sub-Cat3,4,3836,2023,12,High,1078.0,2177.0,2.061897072799543
2023-12-23,Channel2,B1,Cat3,Sub-Cat4,4,1304,2023,12,High,3836.0,1078.0,0.16564382069817193
2023-12-23,Channel2,B2,Cat3,Sub-Cat3,4,1176,2023,12,High,1304.0,3836.0,0.06978267683206789
2023-12-30,Channel2,B1,Cat3,Sub-Cat4,4,819,2023,12,High,1176.0,1304.0,-0.19758004473198798
2023-12-30,Channel2,B2,Cat3,Sub-Cat3,4,421,2023,12,High,819.0,1176.0,-0.4956482889406553
2024-01-06,Channel2,B1,Cat3,Sub-Cat4,4,1382,2024,1,High,421.0,819.0,0.2240592052415791
2024-01-06,Channel2,B2,Cat3,Sub-Cat3,4,473,2024,1,High,1382.0,421.0,-0.4567046992450505
2024-01-13,Channel2,B1,Cat3,Sub-Cat4,4,1355,2024,1,High,473.0,1382.0,0.20383849520732278
2024-01-13,Channel2,B2,Cat3,Sub-Cat3,4,535,2024,1,High,1355.0,473.0,-0.4102719576849064
2024-01-20,Channel2,B1,Cat3,Sub-Cat4,4,1276,2024,1,High,535.0,1355.0,0.1446741954774617
2024-01-20,Channel2,B2,Cat3,Sub-Cat3,4,462,2024,1,High,1276.0,535.0,-0.46494276629604386
2024-01-27,Channel2,B1,Cat3,Sub-Cat4,4,2943,2024,1,High,462.0,1276.0,1.3931158112961763
2024-01-27,Channel2,B2,Cat3,Sub-Cat3,4,673,2024,1,High,2943.0,462.0,-0.3069216619542629
2024-02-03,Channel2,B1,Cat3,Sub-Cat4,4,56,2024,2,High,673.0,2943.0,-0.7690023319963427
2024-02-03,Channel2,B2,Cat3,Sub-Cat3,4,552,2024,2,High,56.0,673.0,-0.39754039951518944
2024-02-10,Channel2,B1,Cat3,Sub-Cat4,4,578,2024,2,High,552.0,56.0,-0.37806860466738706
2024-02-10,Channel2,B2,Cat3,Sub-Cat3,4,627,2024,2,High,578.0,552.0,-0.3413717605311441
2024-02-17,Channel2,B1,Cat3,Sub-Cat4,4,426,2024,2,High,627.0,578.0,-0.4919037130083856
2024-02-17,Channel2,B2,Cat3,Sub-Cat3,4,350,2024,2,High,426.0,627.0,-0.5488212671788849
2024-02-24,Channel2,B1,Cat3,Sub-Cat4,4,92,2024,2,High,350.0,426.0,-0.7420413852840009
2024-02-24,Channel2,B2,Cat3,Sub-Cat3,4,758,2024,2,High,92.0,350.0,-0.2432638711056782
2024-03-02,Channel2,B1,Cat3,Sub-Cat4,4,210,2024,3,High,758.0,92.0,-0.6536693932824362
2024-03-02,Channel2,B2,Cat3,Sub-Cat3,4,723,2024,3,High,210.0,758.0,-0.269475902631566
2024-03-09,Channel2,B1,Cat3,Sub-Cat4,4,840,2024,3,High,723.0,210.0,-0.1818528258164553
2024-03-09,Channel2,B2,Cat3,Sub-Cat3,4,762,2024,3,High,840.0,723.0,-0.24026821035986246
2024-03-16,Channel2,B1,Cat3,Sub-Cat4,4,1126,2024,3,High,762.0,840.0,0.03233691750937098
2024-03-16,Channel2,B2,Cat3,Sub-Cat3,4,8051,2024,3,High,1126.0,762.0,5.218574583702892
2024-03-23,Channel2,B1,Cat3,Sub-Cat4,4,1138,2024,3,High,8051.0,1126.0,0.041323899746818236
2024-03-23,Channel2,B2,Cat3,Sub-Cat3,4,639,2024,3,High,1138.0,8051.0,-0.33238477829369684
2024-03-30,Channel2,B1,Cat3,Sub-Cat4,4,1367,2024,3,High,639.0,1138.0,0.21282547744477004
2024-03-30,Channel2,B2,Cat3,Sub-Cat3,4,427,2024,3,High,1367.0,639.0,-0.49115479782193167
2024-04-06,Channel2,B1,Cat3,Sub-Cat4,4,1222,2024,4,High,427.0,1367.0,0.10423277540894903
2024-04-06,Channel2,B2,Cat3,Sub-Cat3,4,445,2024,4,High,1222.0,427.0,-0.4776743244657608
2024-04-13,Channel2,B1,Cat3,Sub-Cat4,4,1341,2024,4,High,445.0,1222.0,0.19335368259696764
2024-04-13,Channel2,B2,Cat3,Sub-Cat3,4,917,2024,4,High,1341.0,445.0,-0.12418635645950206
2024-04-20,Channel2,B1,Cat3,Sub-Cat4,4,7732,2024,4,High,917.0,1341.0,4.979670639224086
2024-04-20,Channel2,B2,Cat3,Sub-Cat3,4,583,2024,4,High,7732.0,917.0,-0.37432402873511733
2024-04-27,Channel2,B1,Cat3,Sub-Cat4,4,3249,2024,4,High,583.0,7732.0,1.6222838583510812
2024-04-27,Channel2,B2,Cat3,Sub-Cat3,4,888,2024,4,High,3249.0,583.0,-0.14590489686666627
2024-05-04,Channel2,B1,Cat3,Sub-Cat4,4,860,2024,5,High,888.0,3249.0,-0.16687452208737652
2024-05-04,Channel2,B2,Cat3,Sub-Cat3,4,358,2024,5,High,860.0,888.0,-0.5428299456872534
2024-05-11,Channel2,B1,Cat3,Sub-Cat4,4,1004,2024,5,High,358.0,860.0,-0.05903073523800945
2024-05-11,Channel2,B2,Cat3,Sub-Cat3,4,842,2024,5,High,1004.0,358.0,-0.1803549954435474
2024-05-18,Channel2,B1,Cat3,Sub-Cat4,4,869,2024,5,High,842.0,1004.0,-0.1601342854092911
2024-05-18,Channel2,B2,Cat3,Sub-Cat3,4,1024,2024,5,High,869.0,842.0,-0.04405243150893069
2024-05-25,Channel2,B1,Cat3,Sub-Cat4,4,1053,2024,5,High,1024.0,869.0,-0.02233389110176649
2024-05-25,Channel2,B2,Cat3,Sub-Cat3,4,681,2024,5,High,1053.0,1024.0,-0.30093034046263145
2024-06-01,Channel2,B1,Cat3,Sub-Cat4,4,1246,2024,6,High,681.0,1053.0,0.12220673988384355
2024-06-01,Channel2,B2,Cat3,Sub-Cat3,4,790,2024,6,High,1246.0,681.0,-0.21929858513915218
2024-06-08,Channel2,B1,Cat3,Sub-Cat4,4,939,2024,6,High,790.0,1246.0,-0.10771022235751543
2024-06-08,Channel2,B2,Cat3,Sub-Cat3,4,4687,2024,6,High,939.0,790.0,2.6992238964718442
2024-06-15,Channel2,B1,Cat3,Sub-Cat4,4,890,2024,6,High,4687.0,939.0,-0.1444070664937584
2024-06-15,Channel2,B2,Cat3,Sub-Cat3,4,4339,2024,6,High,890.0,4687.0,2.4386014115858736
2024-06-22,Channel2,B1,Cat3,Sub-Cat4,4,1078,2024,6,High,4339.0,890.0,-0.003611011440418041
2024-06-22,Channel2,B2,Cat3,Sub-Cat3,4,698,2024,6,High,1078.0,4339.0,-0.28819878229291446
2024-06-29,Channel2,B1,Cat3,Sub-Cat4,4,982,2024,6,High,698.0,1078.0,-0.07550686933999609
2024-06-29,Channel2,B2,Cat3,Sub-Cat3,4,362,2024,6,High,982.0,698.0,-0.5398342849414376
2024-07-06,Channel2,B1,Cat3,Sub-Cat4,4,2612,2024,7,High,362.0,982.0,1.1452248845799229
2024-07-06,Channel2,B2,Cat3,Sub-Cat3,4,676,2024,7,High,2612.0,362.0,-0.30467491639490113
2024-07-13,Channel2,B1,Cat3,Sub-Cat4,4,7754,2024,7,High,676.0,2612.0,4.996146773326072
2024-07-13,Channel2,B2,Cat3,Sub-Cat3,4,662,2024,7,High,7754.0,676.0,-0.31515972900525624
2024-07-20,Channel2,B1,Cat3,Sub-Cat4,4,3463,2024,7,High,662.0,7754.0,1.782551708252224
2024-07-20,Channel2,B2,Cat3,Sub-Cat3,4,722,2024,7,High,3463.0,662.0,-0.27022481781802
2024-07-27,Channel2,B1,Cat3,Sub-Cat4,4,974,2024,7,High,722.0,3463.0,-0.0814981908316276
2024-07-27,Channel2,B2,Cat3,Sub-Cat3,4,529,2024,7,High,974.0,722.0,-0.41476544880363
2024-08-03,Channel2,B1,Cat3,Sub-Cat4,4,891,2024,8,High,529.0,974.0,-0.14365815130730444
2024-08-03,Channel2,B2,Cat3,Sub-Cat3,4,544,2024,8,High,891.0,529.0,-0.40353172100682094
2024-08-10,Channel2,B1,Cat3,Sub-Cat4,4,772,2024,8,High,544.0,891.0,-0.23277905849532307
2024-08-10,Channel2,B2,Cat3,Sub-Cat3,4,610,2024,8,High,772.0,544.0,-0.35410331870086104
2024-08-17,Channel2,B1,Cat3,Sub-Cat4,4,1003,2024,8,High,610.0,772.0,-0.05977965042446339
2024-08-17,Channel2,B2,Cat3,Sub-Cat3,4,527,2024,8,High,1003.0,610.0,-0.4162632791765379
2024-08-24,Channel2,B1,Cat3,Sub-Cat4,4,1290,2024,8,High,527.0,1003.0,0.15515900808781682
2024-08-24,Channel2,B2,Cat3,Sub-Cat3,4,775,2024,8,High,1290.0,527.0,-0.23053231293596124
2024-08-31,Channel2,B1,Cat3,Sub-Cat4,4,1189,2024,8,High,775.0,1290.0,0.07951857425596907
2024-08-31,Channel2,B2,Cat3,Sub-Cat3,4,634,2024,8,High,1189.0,775.0,-0.3361293542259665
2022-05-28,Channel2,B1,Cat1,Sub-Cat1,5,203,2022,5,Mid,,,-0.35426300579513875
2022-06-04,Channel2,B1,Cat1,Sub-Cat1,5,198,2022,6,Mid,203.0,,-0.3709778649552418
2022-06-11,Channel2,B1,Cat1,Sub-Cat1,5,188,2022,6,Mid,198.0,203.0,-0.404407583275448
2022-06-18,Channel2,B1,Cat1,Sub-Cat1,5,219,2022,6,Mid,188.0,198.0,-0.30077545648280896
2022-06-25,Channel2,B1,Cat1,Sub-Cat1,5,299,2022,6,Mid,219.0,188.0,-0.03333770992115972
2022-07-02,Channel2,B1,Cat1,Sub-Cat1,5,263,2022,7,Mid,299.0,219.0,-0.15368469587390188
2022-07-09,Channel2,B1,Cat1,Sub-Cat1,5,1783,2022,7,Mid,263.0,299.0,4.927632488797434
2022-07-16,Channel2,B1,Cat1,Sub-Cat1,5,230,2022,7,Mid,1783.0,263.0,-0.2640027663305822
2022-07-23,Channel2,B1,Cat1,Sub-Cat1,5,296,2022,7,Mid,230.0,1783.0,-0.04336662541722157
2022-07-30,Channel2,B1,Cat1,Sub-Cat1,5,255,2022,7,Mid,296.0,230.0,-0.18042847053006678
2022-08-06,Channel2,B1,Cat1,Sub-Cat1,5,263,2022,8,Mid,255.0,296.0,-0.15368469587390188
2022-08-13,Channel2,B1,Cat1,Sub-Cat1,5,301,2022,8,Mid,263.0,255.0,-0.02665176625711849
2022-08-20,Channel2,B1,Cat1,Sub-Cat1,5,263,2022,8,Mid,301.0,263.0,-0.15368469587390188
2022-08-27,Channel2,B1,Cat1,Sub-Cat1,5,225,2022,8,Mid,263.0,301.0,-0.28071762549068524
2022-09-03,Channel2,B1,Cat1,Sub-Cat1,5,338,2022,9,Mid,225.0,263.0,0.09703819152764427
2022-09-10,Channel2,B1,Cat1,Sub-Cat1,5,1677,2022,9,Mid,338.0,225.0,4.573277474603248
2022-09-17,Channel2,B1,Cat1,Sub-Cat1,5,611,2022,9,Mid,1677.0,338.0,1.0096695016692723
2022-09-24,Channel2,B1,Cat1,Sub-Cat1,5,230,2022,9,Mid,611.0,1677.0,-0.2640027663305822
2022-10-01,Channel2,B1,Cat1,Sub-Cat1,5,180,2022,10,Mid,230.0,611.0,-0.4311513579316129
2022-10-08,Channel2,B1,Cat1,Sub-Cat1,5,182,2022,10,Mid,180.0,230.0,-0.4244654142675717
2022-10-15,Channel2,B1,Cat1,Sub-Cat1,5,228,2022,10,Mid,182.0,180.0,-0.2706887099946234
2022-10-22,Channel2,B1,Cat1,Sub-Cat1,5,243,2022,10,Mid,228.0,182.0,-0.22054413251431418
2022-10-29,Channel2,B1,Cat1,Sub-Cat1,5,256,2022,10,Mid,243.0,228.0,-0.17708549869804616
2022-11-05,Channel2,B1,Cat1,Sub-Cat1,5,328,2022,11,Mid,256.0,243.0,0.06360847320743812
2022-11-12,Channel2,B1,Cat1,Sub-Cat1,5,295,2022,11,Mid,328.0,256.0,-0.04670959724924218
2022-11-19,Channel2,B1,Cat1,Sub-Cat1,5,285,2022,11,Mid,295.0,328.0,-0.08013931556944834
2022-11-26,Channel2,B1,Cat1,Sub-Cat1,5,220,2022,11,Mid,285.0,295.0,-0.2974324846507883
2022-12-03,Channel2,B1,Cat1,Sub-Cat1,5,482,2022,12,Mid,220.0,285.0,0.5784261353386129
2022-12-10,Channel2,B1,Cat1,Sub-Cat1,5,1016,2022,12,Mid,482.0,220.0,2.3635730936376214
2022-12-17,Channel2,B1,Cat1,Sub-Cat1,5,186,2022,12,Mid,1016.0,482.0,-0.41109352693948925
2022-12-24,Channel2,B1,Cat1,Sub-Cat1,5,235,2022,12,Mid,186.0,1016.0,-0.24728790717047908
2022-12-31,Channel2,B1,Cat1,Sub-Cat1,5,276,2022,12,Mid,235.0,186.0,-0.11022606205763387
2023-01-07,Channel2,B1,Cat1,Sub-Cat1,5,295,2023,1,Mid,276.0,235.0,-0.04670959724924218
2023-01-14,Channel2,B1,Cat1,Sub-Cat1,5,864,2023,1,Mid,295.0,276.0,1.855441375170488
2023-01-21,Channel2,B1,Cat1,Sub-Cat1,5,296,2023,1,Mid,864.0,295.0,-0.04336662541722157
2023-01-28,Channel2,B1,Cat1,Sub-Cat1,5,359,2023,1,Mid,296.0,864.0,0.16724060000007718
2023-02-04,Channel2,B1,Cat1,Sub-Cat1,5,289,2023,2,Mid,359.0,296.0,-0.06676742824136588
2023-02-11,Channel2,B1,Cat1,Sub-Cat1,5,274,2023,2,Mid,289.0,359.0,-0.1169120057216751
2023-02-18,Channel2,B1,Cat1,Sub-Cat1,5,21,2023,2,Mid,274.0,289.0,-0.9626838792228907
2023-02-25,Channel2,B1,Cat1,Sub-Cat1,5,179,2023,2,Mid,21.0,274.0,-0.43449432976363356
2023-03-04,Channel2,B1,Cat1,Sub-Cat1,5,377,2023,3,Mid,179.0,21.0,0.22741409297644827
2023-03-11,Channel2,B1,Cat1,Sub-Cat1,5,326,2023,3,Mid,377.0,179.0,0.05692252954339689
2023-03-18,Channel2,B1,Cat1,Sub-Cat1,5,346,2023,3,Mid,326.0,377.0,0.12378196618380918
2023-03-25,Channel2,B1,Cat1,Sub-Cat1,5,392,2023,3,Mid,346.0,326.0,0.2775586704567575
2023-04-01,Channel2,B1,Cat1,Sub-Cat1,5,294,2023,4,Mid,392.0,346.0,-0.05005256908126279
2023-04-08,Channel2,B1,Cat1,Sub-Cat1,5,320,2023,4,Mid,294.0,392.0,0.036864698551273195
2023-04-15,Channel2,B1,Cat1,Sub-Cat1,5,233,2023,4,Mid,320.0,294.0,-0.25397385083452034
2023-04-22,Channel2,B1,Cat1,Sub-Cat1,5,69,2023,4,Mid,233.0,320.0,-0.8022212312859012
2023-04-29,Channel2,B1,Cat1,Sub-Cat1,5,588,2023,4,Mid,69.0,233.0,0.932781149532798
2023-05-06,Channel2,B1,Cat1,Sub-Cat1,5,198,2023,5,Mid,588.0,69.0,-0.3709778649552418
2023-05-13,Channel2,B1,Cat1,Sub-Cat1,5,186,2023,5,Mid,198.0,588.0,-0.41109352693948925
2023-05-20,Channel2,B1,Cat1,Sub-Cat1,5,237,2023,5,Mid,186.0,198.0,-0.24060196350643787
2023-05-27,Channel2,B1,Cat1,Sub-Cat1,5,354,2023,5,Mid,237.0,186.0,0.1505257408399741
2023-06-03,Channel2,B1,Cat1,Sub-Cat1,5,258,2023,6,Mid,354.0,237.0,-0.17039955503400495
2023-06-10,Channel2,B1,Cat1,Sub-Cat1,5,270,2023,6,Mid,258.0,354.0,-0.13028389304975757
2023-06-17,Channel2,B1,Cat1,Sub-Cat1,5,362,2023,6,Mid,270.0,258.0,0.17726951549613904
2023-06-24,Channel2,B1,Cat1,Sub-Cat1,5,293,2023,6,Mid,362.0,270.0,-0.05339554091328341
2023-07-01,Channel2,B1,Cat1,Sub-Cat1,5,270,2023,7,Mid,293.0,362.0,-0.13028389304975757
2023-07-08,Channel2,B1,Cat1,Sub-Cat1,5,1338,2023,7,Mid,270.0,293.0,3.4400100235482594
2023-07-15,Channel2,B1,Cat1,Sub-Cat1,5,566,2023,7,Mid,1338.0,270.0,0.8592357692283445
2023-07-22,Channel2,B1,Cat1,Sub-Cat1,5,190,2023,7,Mid,566.0,1338.0,-0.3977216396114068
2023-07-29,Channel2,B1,Cat1,Sub-Cat1,5,172,2023,7,Mid,190.0,566.0,-0.45789513258777786
2023-08-05,Channel2,B1,Cat1,Sub-Cat1,5,223,2023,8,Mid,172.0,190.0,-0.2874035691547265
2023-08-12,Channel2,B1,Cat1,Sub-Cat1,5,170,2023,8,Mid,223.0,172.0,-0.46458107625181905
2023-08-19,Channel2,B1,Cat1,Sub-Cat1,5,194,2023,8,Mid,170.0,223.0,-0.3843497522833243
2023-08-26,Channel2,B1,Cat1,Sub-Cat1,5,165,2023,8,Mid,194.0,170.0,-0.48129593541192217
2023-09-02,Channel2,B1,Cat1,Sub-Cat1,5,192,2023,9,Mid,165.0,194.0,-0.39103569594736554
2023-09-09,Channel2,B1,Cat1,Sub-Cat1,5,197,2023,9,Mid,192.0,165.0,-0.37432083678726247
2023-09-16,Channel2,B1,Cat1,Sub-Cat1,5,624,2023,9,Mid,197.0,192.0,1.0531281354855402
2023-09-23,Channel2,B1,Cat1,Sub-Cat1,5,993,2023,9,Mid,624.0,197.0,2.2866847415011473
2023-09-30,Channel2,B1,Cat1,Sub-Cat1,5,505,2023,9,Mid,993.0,624.0,0.655314487475087
2023-10-07,Channel2,B1,Cat1,Sub-Cat1,5,188,2023,10,Mid,505.0,993.0,-0.404407583275448
2023-10-14,Channel2,B1,Cat1,Sub-Cat1,5,184,2023,10,Mid,188.0,505.0,-0.41777947060353043
2023-10-21,Channel2,B1,Cat1,Sub-Cat1,5,170,2023,10,Mid,184.0,188.0,-0.46458107625181905
2023-10-28,Channel2,B1,Cat1,Sub-Cat1,5,158,2023,10,Mid,170.0,184.0,-0.5046967382360664
2023-11-04,Channel2,B1,Cat1,Sub-Cat1,5,203,2023,11,Mid,158.0,170.0,-0.35426300579513875
2023-11-11,Channel2,B1,Cat1,Sub-Cat1,5,52,2023,11,Mid,203.0,158.0,-0.8590517524302517
2023-11-25,Channel2,B1,Cat1,Sub-Cat1,5,125,2023,11,Mid,52.0,203.0,-0.6150148086927467
2023-12-02,Channel2,B1,Cat1,Sub-Cat1,5,256,2023,12,Mid,125.0,52.0,-0.17708549869804616
2023-12-09,Channel2,B1,Cat1,Sub-Cat1,5,216,2023,12,Mid,256.0,125.0,-0.3108043719788708
2023-12-16,Channel2,B1,Cat1,Sub-Cat1,5,228,2023,12,Mid,216.0,256.0,-0.2706887099946234
2023-12-23,Channel2,B1,Cat1,Sub-Cat1,5,241,2023,12,Mid,228.0,216.0,-0.2272300761783554
2023-12-30,Channel2,B1,Cat1,Sub-Cat1,5,297,2023,12,Mid,241.0,228.0,-0.04002365358520095
2024-01-06,Channel2,B1,Cat1,Sub-Cat1,5,161,2024,1,Mid,297.0,241.0,-0.4946678227400046
2024-01-13,Channel2,B1,Cat1,Sub-Cat1,5,51,2024,1,Mid,161.0,297.0,-0.8623947242622723
2024-01-20,Channel2,B1,Cat1,Sub-Cat1,5,13,2024,1,Mid,51.0,161.0,-0.9894276538790556
2024-01-27,Channel2,B1,Cat1,Sub-Cat1,5,734,2024,1,Mid,13.0,51.0,1.420855037007808
2024-02-03,Channel2,B1,Cat1,Sub-Cat1,5,1231,2024,2,Mid,734.0,13.0,3.082312037522054
2024-02-10,Channel2,B1,Cat1,Sub-Cat1,5,243,2024,2,Mid,1231.0,734.0,-0.22054413251431418
2024-02-17,Channel2,B1,Cat1,Sub-Cat1,5,284,2024,2,Mid,243.0,1231.0,-0.08348228740146894
2024-02-24,Channel2,B1,Cat1,Sub-Cat1,5,257,2024,2,Mid,284.0,243.0,-0.17374252686602557
2024-03-02,Channel2,B1,Cat1,Sub-Cat1,5,254,2024,3,Mid,257.0,284.0,-0.1837714423620874
2024-03-09,Channel2,B1,Cat1,Sub-Cat1,5,250,2024,3,Mid,254.0,257.0,-0.19714332969016987
2024-03-16,Channel2,B1,Cat1,Sub-Cat1,5,283,2024,3,Mid,250.0,254.0,-0.08682525923348956
2024-03-23,Channel2,B1,Cat1,Sub-Cat1,5,232,2024,3,Mid,283.0,250.0,-0.25731682266654093
2024-03-30,Channel2,B1,Cat1,Sub-Cat1,5,296,2024,3,Mid,232.0,283.0,-0.04336662541722157
2024-04-06,Channel2,B1,Cat1,Sub-Cat1,5,228,2024,4,Mid,296.0,232.0,-0.2706887099946234
2024-04-13,Channel2,B1,Cat1,Sub-Cat1,5,239,2024,4,Mid,228.0,296.0,-0.23391601984239663
2024-04-20,Channel2,B1,Cat1,Sub-Cat1,5,715,2024,4,Mid,239.0,228.0,1.3573385721994162
2024-04-27,Channel2,B1,Cat1,Sub-Cat1,5,54,2024,4,Mid,715.0,239.0,-0.8523658087662104
2024-05-04,Channel2,B1,Cat1,Sub-Cat1,5,42,2024,5,Mid,54.0,715.0,-0.8924814707504578
2024-05-11,Channel2,B1,Cat1,Sub-Cat1,5,17,2024,5,Mid,42.0,54.0,-0.9760557665509731
2024-05-18,Channel2,B1,Cat1,Sub-Cat1,5,16,2024,5,Mid,17.0,42.0,-0.9793987383829938
2024-05-25,Channel2,B1,Cat1,Sub-Cat1,5,12,2024,5,Mid,16.0,17.0,-0.9927706257110762
2024-06-01,Channel2,B1,Cat1,Sub-Cat1,5,8,2024,6,Mid,12.0,16.0,-1.0061425130391588
2024-06-08,Channel2,B1,Cat1,Sub-Cat1,5,4,2024,6,Mid,8.0,12.0,-1.0195144003672412
2024-06-15,Channel2,B1,Cat1,Sub-Cat1,5,1,2024,6,Mid,4.0,8.0,-1.029543315863303
2024-06-22,Channel2,B1,Cat1,Sub-Cat1,5,1,2024,6,Mid,1.0,4.0,-1.029543315863303
2024-06-29,Channel2,B1,Cat1,Sub-Cat1,5,1,2024,6,Mid,1.0,1.0,-1.029543315863303
